🕒 Auto commit on Fri Jul 11 06:03:01 UTC 2025
🕒 Auto commit on Sat Jul 12 06:24:17 UTC 2025
🕒 Auto commit on Sat Jul 12 13:17:29 UTC 2025
🕒 Auto commit on Sat Jul 12 13:41:11 UTC 2025
🕒 Auto commit on Sun Jul 13 13:40:25 UTC 2025
🕒 Auto commit on Mon Jul 14 13:48:46 UTC 2025
🕒 Auto commit on Tue Jul 15 13:49:32 UTC 2025
🕒 Auto commit on Wed Jul 16 13:50:00 UTC 2025
🕒 Auto commit on Thu Jul 17 13:49:28 UTC 2025
🕒 Auto commit on Fri Jul 18 13:49:59 UTC 2025
🕒 Auto commit on Sat Jul 19 13:41:44 UTC 2025
🕒 Auto commit on Sun Jul 20 13:43:10 UTC 2025
🕒 Auto commit on Mon Jul 21 13:51:12 UTC 2025
🕒 Auto commit on Tue Jul 22 13:50:45 UTC 2025
🕒 Auto commit on Wed Jul 23 13:49:06 UTC 2025
🕒 Auto commit on Thu Jul 24 13:50:51 UTC 2025
🕒 Auto commit on Fri Jul 25 13:48:54 UTC 2025
🕒 Auto commit on Sat Jul 26 13:43:48 UTC 2025
🕒 Auto commit on Sun Jul 27 13:42:45 UTC 2025
🕒 Auto commit on Mon Jul 28 13:52:31 UTC 2025
🕒 Auto commit on Tue Jul 29 13:53:15 UTC 2025
🕒 Auto commit on Wed Jul 30 13:52:21 UTC 2025
🕒 Auto commit on Thu Jul 31 13:51:21 UTC 2025
🕒 Auto commit on Fri Aug  1 13:50:19 UTC 2025
🕒 Auto commit on Sat Aug  2 13:42:35 UTC 2025
🕒 Auto commit on Sun Aug  3 13:45:03 UTC 2025
🕒 Auto commit on Mon Aug  4 13:53:46 UTC 2025
🕒 Auto commit on Tue Aug  5 13:53:49 UTC 2025
🕒 Auto commit on Wed Aug  6 13:54:02 UTC 2025
🕒 Auto commit on Thu Aug  7 13:52:43 UTC 2025
🕒 Auto commit on Fri Aug  8 13:51:11 UTC 2025
🕒 Auto commit on Sat Aug  9 13:40:53 UTC 2025
🕒 Auto commit on Sun Aug 10 13:41:26 UTC 2025
🕒 Auto commit on Mon Aug 11 13:50:40 UTC 2025
🕒 Auto commit on Tue Aug 12 13:46:40 UTC 2025
🕒 Auto commit on Wed Aug 13 13:47:59 UTC 2025
🕒 Auto commit on Thu Aug 14 13:47:47 UTC 2025
🕒 Auto commit on Fri Aug 15 13:42:32 UTC 2025
🕒 Auto commit on Sat Aug 16 13:37:11 UTC 2025
🕒 Auto commit on Sun Aug 17 13:38:59 UTC 2025
🕒 Auto commit on Mon Aug 18 13:48:24 UTC 2025
🕒 Auto commit on Tue Aug 19 13:42:10 UTC 2025
🕒 Auto commit on Wed Aug 20 13:42:39 UTC 2025
🕒 Auto commit on Thu Aug 21 13:42:19 UTC 2025
🕒 Auto commit on Fri Aug 22 13:40:03 UTC 2025
🕒 Auto commit on Sat Aug 23 13:33:59 UTC 2025
🕒 Auto commit on Sun Aug 24 13:34:40 UTC 2025
🕒 Auto commit on Mon Aug 25 13:42:38 UTC 2025
🕒 Auto commit on Tue Aug 26 13:44:09 UTC 2025
🕒 Auto commit on Wed Aug 27 13:38:56 UTC 2025
🕒 Auto commit on Thu Aug 28 13:40:04 UTC 2025
🕒 Auto commit on Fri Aug 29 13:37:30 UTC 2025
🕒 Auto commit on Sat Aug 30 13:31:32 UTC 2025
🕒 Auto commit on Sun Aug 31 13:32:18 UTC 2025
🕒 Auto commit on Mon Sep  1 13:40:06 UTC 2025
🕒 Auto commit on Tue Sep  2 13:41:03 UTC 2025
🕒 Auto commit on Wed Sep  3 13:37:12 UTC 2025
🕒 Auto commit on Thu Sep  4 13:36:39 UTC 2025
🕒 Auto commit on Fri Sep  5 13:36:19 UTC 2025
🕒 Auto commit on Sat Sep  6 13:29:42 UTC 2025
🕒 Auto commit on Sun Sep  7 13:30:11 UTC 2025
🕒 Auto commit on Mon Sep  8 13:41:37 UTC 2025
🕒 Auto commit on Tue Sep  9 13:43:20 UTC 2025
🕒 Auto commit on Wed Sep 10 13:35:51 UTC 2025
🕒 Auto commit on Thu Sep 11 13:33:31 UTC 2025
🕒 Auto commit on Fri Sep 12 13:34:54 UTC 2025
🕒 Auto commit on Sat Sep 13 13:29:33 UTC 2025
🕒 Auto commit on Sun Sep 14 13:28:50 UTC 2025
🕒 Auto commit on Mon Sep 15 13:35:53 UTC 2025
🕒 Auto commit on Tue Sep 16 13:39:43 UTC 2025
🕒 Auto commit on Wed Sep 17 13:37:49 UTC 2025
🕒 Auto commit on Thu Sep 18 13:37:18 UTC 2025
🕒 Auto commit on Fri Sep 19 13:37:58 UTC 2025
🕒 Auto commit on Sat Sep 20 13:31:30 UTC 2025
🕒 Auto commit on Sun Sep 21 13:31:02 UTC 2025
🕒 Auto commit on Mon Sep 22 13:40:26 UTC 2025
🕒 Auto commit on Tue Sep 23 13:39:57 UTC 2025
🕒 Auto commit on Wed Sep 24 13:39:41 UTC 2025
🕒 Auto commit on Thu Sep 25 13:40:50 UTC 2025
🕒 Auto commit on Fri Sep 26 13:38:13 UTC 2025
🕒 Auto commit on Sat Sep 27 13:30:09 UTC 2025
🕒 Auto commit on Sun Sep 28 13:30:34 UTC 2025
🕒 Auto commit on Mon Sep 29 13:41:04 UTC 2025
🕒 Auto commit on Tue Sep 30 13:40:50 UTC 2025
🕒 Auto commit on Wed Oct  1 13:41:34 UTC 2025
🕒 Auto commit on Thu Oct  2 13:35:55 UTC 2025
🕒 Auto commit on Fri Oct  3 13:35:38 UTC 2025
🕒 Auto commit on Sat Oct  4 13:29:45 UTC 2025
🕒 Auto commit on Sun Oct  5 13:30:16 UTC 2025
🕒 Auto commit on Mon Oct  6 13:40:11 UTC 2025
🕒 Auto commit on Tue Oct  7 13:40:57 UTC 2025
🕒 Auto commit on Wed Oct  8 13:40:42 UTC 2025
🕒 Auto commit on Thu Oct  9 13:42:09 UTC 2025
🕒 Auto commit on Fri Oct 10 13:38:43 UTC 2025
🕒 Auto commit on Sat Oct 11 13:30:27 UTC 2025
🕒 Auto commit on Sun Oct 12 13:30:49 UTC 2025
🕒 Auto commit on Mon Oct 13 13:42:11 UTC 2025
🕒 Auto commit on Tue Oct 14 13:42:13 UTC 2025
🕒 Auto commit on Wed Oct 15 13:43:44 UTC 2025
🕒 Auto commit on Thu Oct 16 13:43:12 UTC 2025
🕒 Auto commit on Fri Oct 17 13:38:28 UTC 2025
🕒 Auto commit on Sat Oct 18 13:31:47 UTC 2025
🕒 Auto commit on Sun Oct 19 13:32:04 UTC 2025
🕒 Auto commit on Mon Oct 20 13:41:38 UTC 2025
🕒 Auto commit on Tue Oct 21 13:46:03 UTC 2025
